1,drug_name,,,,,,,
2,Abacavir,,,,,,,
3,Abatacept,,,,,,,
4,Abilify,,,,,,,
5,Abiraterone,,,,,,,
6,AbobotulinumtoxinA,,,,,,,
7,Abreva,,,,,,,
8,Absorica,,,,,,,
9,Abstral,,,,,,,
10,Acamprosate,,,,,,,
11,Acanya,,,,,,,
12,Acarbose,,,,,,,
13,Accolate,,,,,,,
14,Accutane,,,,,,,
15,Acetaminophen,,,,,,,
16,Acetazolamide,,,,,,,
17,Acetic,,,,,,,
18,Acetylcysteine,,,,,,,
19,Acidophilus,,,,,,,
20,Aciphex,,,,,,,
21,Acitretin,,,,,,,
22,Aclidinium,,,,,,,
23,Acnex,,,,,,,
24,Acrivastine,,,,,,,
25,Actemra,,,,,,,
26,Actifed,,,,,,,
27,Actiq,,,,,,,
28,Activella,,,,,,,
29,Actonel,,,,,,,
30,ActoPlus,,,,,,,
31,Actos,,,,,,,
32,Acular,,,,,,,
33,Acuvail,,,,,,,
34,Acyclovir,,,,,,,
35,Aczone,,,,,,,
36,Adalat,,,,,,,
37,Adalimumab,,,,,,,
38,Adapalene,,,,,,,
39,Adcirca,,,,,,,
40,Adderall,,,,,,,
41,Addyi,,,,,,,
42,Adenosine,,,,,,,
43,Adipex-P,,,,,,,
44,Adipost,,,,,,,
45,Adoxa,,,,,,,
46,Advair,,,,,,,
47,Advicor,,,,,,,
48,Advil,,,,,,,
49,Adzenys,,,,,,,
50,Aerobid,,,,,,,
51,Afinitor,,,,,,,
52,Aflibercept,,,,,,,
53,Afrezza,,,,,,,
54,Afrin,,,,,,,
55,Aftera,,,,,,,
56,Aggrenox,,,,,,,
57,Alahist,,,,,,,
58,Alavert,,,,,,,
59,Albendazole,,,,,,,
60,Albenza,,,,,,,
61,Albiglutide,,,,,,,
62,Albuterol,,,,,,,
63,Alcaftadine,,,,,,,
64,Alclometasone,,,,,,,
65,Aldactazide,,,,,,,
66,Aldactone,,,,,,,
67,Aldara,,,,,,,
68,Aldesleukin,,,,,,,
69,Alendronate,,,,,,,
70,Alesse,,,,,,,
71,Aleve,,,,,,,
72,Alfuzosin,,,,,,,
73,Alirocumab,,,,,,,
74,Aliskiren,,,,,,,
75,Alka-Seltzer,,,,,,,
76,Allegra,,,,,,,
77,Allegra-D,,,,,,,
78,Allergy,,,,,,,
79,Allerx,,,,,,,
80,Alli,,,,,,,
81,Allopurinol,,,,,,,
82,Almotriptan,,,,,,,
83,Alosetron,,,,,,,
84,Alpha,,,,,,,
85,Alphagan,,,,,,,
86,Alprazolam,,,,,,,
87,Alprostadil,,,,,,,
88,Alrex,,,,,,,
89,Altabax,,,,,,,
90,Altace,,,,,,,
91,Altavera,,,,,,,
92,Aluminum,,,,,,,
93,Alvesco,,,,,,,
94,Amantadine,,,,,,,
95,Amaryl,,,,,,,
96,Ambien,,,,,,,
97,Ambrisentan,,,,,,,
98,Amcinonide,,,,,,,
99,Amerge,,,,,,,
100,Amethia,,,,,,,
101,Amethyst,,,,,,,
102,Amikacin,,,,,,,
103,Amiodarone,,,,,,,
104,Amitiza,,,,,,,
105,Amitriptyline,,,,,,,
106,AmLactin,,,,,,,
107,Amlodipine,,,,,,,
108,Ammonium,,,,,,,
109,Amnesteem,,,,,,,
110,Amoxapine,,,,,,,
111,Amoxicillin,,,,,,,
112,Amoxil,,,,,,,
113,Amphetamine,,,,,,,
114,Ampyra,,,,,,,
115,Amrix,,,,,,,
116,Anacin,,,,,,,
117,Anafranil,,,,,,,
118,Anakinra,,,,,,,
119,Analpram-HC,,,,,,,
120,Anaprox,,,,,,,
121,Anastrozole,,,,,,,
122,Androderm,,,,,,,
123,AndroGel,,,,,,,
124,Angeliq,,,,,,,
125,Angiomax,,,,,,,
126,Anoro,,,,,,,
127,Ansaid,,,,,,,
128,Antabuse,,,,,,,
129,Antara,,,,,,,
130,Anti-Diarrheal,,,,,,,
131,Antihemophilic,,,,,,,
132,Antipyrine,,,,,,,
133,Anucort-HC,,,,,,,
134,Apidra,,,,,,,
135,Apixaban,,,,,,,
136,Aplenzin,,,,,,,
137,Apokyn,,,,,,,
138,Apomorphine,,,,,,,
139,Apremilast,,,,,,,
140,Aprepitant,,,,,,,
141,Apri,,,,,,,
142,Apriso,,,,,,,
143,Aptensio,,,,,,,
144,Aptiom,,,,,,,
145,Aranesp,,,,,,,
146,Arava,,,,,,,
147,Arcalyst,,,,,,,
148,Arformoterol,,,,,,,
149,Aricept,,,,,,,
150,Arimidex,,,,,,,
151,Aripiprazole,,,,,,,
152,Aristocort,,,,,,,
153,Aristospan,,,,,,,
154,Arixtra,,,,,,,
155,Armodafinil,,,,,,,
156,Armour,,,,,,,
157,Arnuity,,,,,,,
158,Aromasin,,,,,,,
159,Artane,,,,,,,
160,Arthrotec,,,,,,,
161,Asacol,,,,,,,
162,Ascorbic,,,,,,,
163,Asenapine,,,,,,,
164,Ashlyna,,,,,,,
165,Asmanex,,,,,,,
166,Aspirin,,,,,,,
167,Astelin,,,,,,,
168,Astepro,,,,,,,
169,Asthmanefrin,,,,,,,
170,Atacand,,,,,,,
171,Atarax,,,,,,,
172,Atelvia,,,,,,,
173,Atenolol,,,,,,,
174,Ativan,,,,,,,
175,Atomoxetine,,,,,,,
176,Atorvastatin,,,,,,,
177,Atovaquone,,,,,,,
178,Atralin,,,,,,,
179,Atripla,,,,,,,
180,Atropine,,,,,,,
181,Atrovent,,,,,,,
182,Aubagio,,,,,,,
183,Aubra,,,,,,,
184,Augmentin,,,,,,,
185,Avalide,,,,,,,
186,Avanafil,,,,,,,
187,Avandia,,,,,,,
188,Avapro,,,,,,,
189,Avastin,,,,,,,
190,Aveed,,,,,,,
191,Avelox,,,,,,,
192,Aviane,,,,,,,
193,Avinza,,,,,,,
194,Avodart,,,,,,,
195,Avonex,,,,,,,
196,Axert,,,,,,,
197,Axid,,,,,,,
198,Axiron,,,,,,,
199,Ayr,,,,,,,
200,Azacitidine,,,,,,,
201,Azathioprine,,,,,,,
202,Azelaic,,,,,,,
203,Azelastine,,,,,,,
204,Azelex,,,,,,,
205,Azilect,,,,,,,
206,Azilsartan,,,,,,,
207,Azithromycin,,,,,,,
208,Azopt,,,,,,,
209,Azor,,,,,,,
210,Azo-Standard,,,,,,,
211,Azurette,,,,,,,
212,B,,,,,,,
213,Bacitracin,,,,,,,
214,Baclofen,,,,,,,
215,Bactrim,,,,,,,
216,Bactroban,,,,,,,
217,Balacet,,,,,,,
218,Balsalazide,,,,,,,
219,Balsam,,,,,,,
220,Balziva,,,,,,,
221,Banzel,,,,,,,
222,Barium,,,,,,,
223,Basaglar,,,,,,,
224,Bayer,,,,,,,
225,Bazedoxifene,,,,,,,
226,Beclomethasone,,,,,,,
227,Belbuca,,,,,,,
228,Belimumab,,,,,,,
229,Belladonna,,,,,,,
230,Belsomra,,,,,,,
231,Belviq,,,,,,,
232,Benadryl,,,,,,,
233,Benazepril,,,,,,,
234,Benicar,,,,,,,
235,Benlysta,,,,,,,
236,Bensal,,,,,,,
237,Bentyl,,,,,,,
238,Benzaclin,,,,,,,
239,BenzEFoam,,,,,,,
240,Benzocaine,,,,,,,
241,Benzoic,,,,,,,
242,Benzonatate,,,,,,,
243,Benzoyl,,,,,,,
244,Benzphetamine,,,,,,,
245,Benztropine,,,,,,,
246,Bepotastine,,,,,,,
247,Bepreve,,,,,,,
248,Berinert,,,,,,,
249,Betamethasone,,,,,,,
250,Betapace,,,,,,,
251,Betaseron,,,,,,,
252,Bethanechol,,,,,,,
253,Bevacizumab,,,,,,,
254,Bextra,,,,,,,
255,Beyaz,,,,,,,
256,Biafine,,,,,,,
257,Biaxin,,,,,,,
258,Bicalutamide,,,,,,,
259,Bicillin,,,,,,,
260,Bimatoprost,,,,,,,
261,Bioflavonoids,,,,,,,
262,Biotin,,,,,,,
263,Bisacodyl,,,,,,,
264,Bismuth,,,,,,,
265,Bisoprolol,,,,,,,
266,Blisovi,,,,,,,
267,Blistex,,,,,,,
268,Bonine,,,,,,,
269,Boniva,,,,,,,
270,Bontril,,,,,,,
271,Bosutinib,,,,,,,
272,Botox,,,,,,,
273,Breo,,,,,,,
274,Brexpiprazole,,,,,,,
275,Brilinta,,,,,,,
276,Brimonidine,,,,,,,
277,Brisdelle,,,,,,,
278,Brivaracetam,,,,,,,
279,Briviact,,,,,,,
280,Brodalumab,,,,,,,
281,Bromfed,,,,,,,
282,Bromocriptine,,,,,,,
283,Brompheniramine,,,,,,,
284,Bronkaid,,,,,,,
285,Brovana,,,,,,,
286,Budeprion,,,,,,,
287,Budesonide,,,,,,,
288,Bumetanide,,,,,,,
289,Bunavail,,,,,,,
290,Bupivacaine,,,,,,,
291,Buprenex,,,,,,,
292,Buprenorphine,,,,,,,
293,Buproban,,,,,,,
294,Bupropion,,,,,,,
295,BuSpar,,,,,,,
296,Buspirone,,,,,,,
297,Butabarbital,,,,,,,
298,Butorphanol,,,,,,,
299,Butrans,,,,,,,
300,Bydureon,,,,,,,
301,Byetta,,,,,,,
302,Bystolic,,,,,,,
303,Cabergoline,,,,,,,
304,Cafergot,,,,,,,
305,Caffeine,,,,,,,
306,Calamine,,,,,,,
307,Calan,,,,,,,
308,Calci-Chew,,,,,,,
309,Calcipotriene,,,,,,,
310,Calcitonin,,,,,,,
311,Calcitriol,,,,,,,
312,Calcium,,,,,,,
313,Calmoseptine,,,,,,,
314,Caltrate,,,,,,,
315,Cambia,,,,,,,
316,Camila,,,,,,,
317,Camphor,,,,,,,
318,Campral,,,,,,,
319,Camrese,,,,,,,
320,CamreseLo,,,,,,,
321,Canagliflozin,,,,,,,
322,Canasa,,,,,,,
323,Candesartan,,,,,,,
324,Capecitabine,,,,,,,
325,Capsaicin,,,,,,,
326,Capzasin,,,,,,,
327,Capzasin-P,,,,,,,
328,Carac,,,,,,,
329,Carafate,,,,,,,
330,Carbamazepine,,,,,,,
331,Carbamide,,,,,,,
332,Carbatrol,,,,,,,
333,Carbidopa,,,,,,,
334,Carbinoxamine,,,,,,,
335,Carboplatin,,,,,,,
336,Cardizem,,,,,,,
337,Cardura,,,,,,,
338,Cariprazine,,,,,,,
339,Carisoprodol,,,,,,,
340,Carmol,,,,,,,
341,Cartia,,,,,,,
342,Carvedilol,,,,,,,
343,Casodex,,,,,,,
344,Cataflam,,,,,,,
345,Catapres,,,,,,,
346,Caverject,,,,,,,
347,Caziant,,,,,,,
348,Cedax,,,,,,,
349,Cefdinir,,,,,,,
350,Cefditoren,,,,,,,
351,Cefepime,,,,,,,
352,Cefixime,,,,,,,
353,Cefpodoxime,,,,,,,
354,Cefprozil,,,,,,,
355,Ceftibuten,,,,,,,
356,Ceftin,,,,,,,
357,Ceftriaxone,,,,,,,
358,Cefuroxime,,,,,,,
359,Cefzil,,,,,,,
360,Celebrex,,,,,,,
361,Celecoxib,,,,,,,
362,Celestone,,,,,,,
363,Celexa,,,,,,,
364,CellCept,,,,,,,
365,Cenestin,,,,,,,
366,Cephalexin,,,,,,,
367,Ceritinib,,,,,,,
368,Certolizumab,,,,,,,
369,Cervidil,,,,,,,
370,Cetirizine,,,,,,,
371,Cetuximab,,,,,,,
372,Cevimeline,,,,,,,
373,Chantix,,,,,,,
374,Chaparral,,,,,,,
375,Chateal,,,,,,,
376,Cheratussin,,,,,,,
377,Children's,,,,,,,
378,Chloral,,,,,,,
379,Chlorambucil,,,,,,,
380,Chlorcyclizine,,,,,,,
381,Chlordiazepoxide,,,,,,,
382,Chlorhexidine,,,,,,,
383,Chloromycetin,,,,,,,
384,Chlorpheniramine,,,,,,,
385,Chlorpromazine,,,,,,,
386,Chlorthalidone,,,,,,,
387,Chlor-Trimeton,,,,,,,
388,Chlorzoxazone,,,,,,,
389,Cholestyramine,,,,,,,
390,Choline,,,,,,,
391,Chondroitin,,,,,,,
392,Chorionic,,,,,,,
393,Chromium,,,,,,,
394,Cialis,,,,,,,
395,Ciclesonide,,,,,,,
396,Ciclopirox,,,,,,,
397,Cimetidine,,,,,,,
398,Cimzia,,,,,,,
399,Cinacalcet,,,,,,,
400,Cinryze,,,,,,,
401,Cipro,,,,,,,
402,Ciprodex,,,,,,,
403,Ciprofloxacin,,,,,,,
404,Cisapride,,,,,,,
405,Citalopram,,,,,,,
406,CitraNatal,,,,,,,
407,Citrate,,,,,,,
408,Citric,,,,,,,
409,Claravis,,,,,,,
410,Clarifoam,,,,,,,
411,Clarinex,,,,,,,
412,Clarithromycin,,,,,,,
413,Claritin,,,,,,,
414,Claritin-D,,,,,,,
415,Clear,,,,,,,
416,ClearLax,,,,,,,
417,Cleocin,,,,,,,
418,Climara,,,,,,,
419,Clindamax,,,,,,,
420,Clindamycin,,,,,,,
421,Clindesse,,,,,,,
422,Clobazam,,,,,,,
423,Clobetasol,,,,,,,
424,Clobex,,,,,,,
425,Clocortolone,,,,,,,
426,Cloderm,,,,,,,
427,Clomid,,,,,,,
428,Clomiphene,,,,,,,
429,Clomipramine,,,,,,,
430,Clonazepam,,,,,,,
431,Clonidine,,,,,,,
432,Clopidogrel,,,,,,,
433,Clorazepate,,,,,,,
434,Clotrimazole,,,,,,,
435,Clozapine,,,,,,,
436,Clozaril,,,,,,,
437,Coagulation,,,,,,,
438,Coal,,,,,,,
439,Coartem,,,,,,,
440,Cobicistat,,,,,,,
441,Codeine,,,,,,,
442,Codimal,,,,,,,
443,Cogentin,,,,,,,
444,Colace,,,,,,,
445,Colazal,,,,,,,
446,Colchicine,,,,,,,
447,Colcrys,,,,,,,
448,Colesevelam,,,,,,,
449,Collagenase,,,,,,,
450,Colyte,,,,,,,
451,Combivent,,,,,,,
452,Combivir,,,,,,,
453,Commit,,,,,,,
454,Compazine,,,,,,,
455,Complera,,,,,,,
456,Concerta,,,,,,,
457,Condylox,,,,,,,
458,Conjugated,,,,,,,
459,Contrave,,,,,,,
460,ConZip,,,,,,,
461,Copaxone,,,,,,,
462,Copper,,,,,,,
463,CoQ,,,,,,,
464,Cordarone,,,,,,,
465,Cordran,,,,,,,
466,Coreg,,,,,,,
467,Coricidin,,,,,,,
468,Corlanor,,,,,,,
469,Correctol,,,,,,,
470,Cortef,,,,,,,
471,Corticotropin,,,,,,,
472,Cortisporin,,,,,,,
473,Cortizone-,,,,,,,
474,Cosentyx,,,,,,,
475,Cosopt,,,,,,,
476,Coumadin,,,,,,,
477,Cozaar,,,,,,,
478,Creon,,,,,,,
479,Crestor,,,,,,,
480,Crisaborole,,,,,,,
481,Crizotinib,,,,,,,
482,Cromolyn,,,,,,,
483,Crotamiton,,,,,,,
484,Cryselle,,,,,,,
485,Cutivate,,,,,,,
486,Cyanocobalamin,,,,,,,
487,Cyclafem,,,,,,,
488,Cyclessa,,,,,,,
489,Cyclizine,,,,,,,
490,Cyclobenzaprine,,,,,,,
491,Cyclogyl,,,,,,,
492,Cyclophosphamide,,,,,,,
493,Cyclosporine,,,,,,,
494,Cyklokapron,,,,,,,
495,Cylert,,,,,,,
496,Cymbalta,,,,,,,
497,Cyproheptadine,,,,,,,
498,Cyred,,,,,,,
499,Cytomel,,,,,,,
500,D.H.E.,,,,,,,
501,Dabigatran,,,,,,,
502,Daclatasvir,,,,,,,
503,Daklinza,,,,,,,
504,Dalfampridine,,,,,,,
505,Daliresp,,,,,,,
506,Dallergy,,,,,,,
507,Dalmane,,,,,,,
508,Danocrine,,,,,,,
509,Dapagliflozin,,,,,,,
510,Dapsone,,,,,,,
511,Darbepoetin,,,,,,,
512,Darifenacin,,,,,,,
513,Darunavir,,,,,,,
514,Darvon,,,,,,,
515,Dasabuvir,,,,,,,
516,Dasatinib,,,,,,,
517,Dasetta,,,,,,,
518,Daypro,,,,,,,
519,Daytrana,,,,,,,
520,DDAVP,,,,,,,
521,Deblitane,,,,,,,
522,Debrox,,,,,,,
523,Decadron,,,,,,,
524,Deconamine,,,,,,,
525,Degarelix,,,,,,,
526,Delatestryl,,,,,,,
527,Delsym,,,,,,,
528,Deltasone,,,,,,,
529,Demadex,,,,,,,
530,Demerol,,,,,,,
531,Denavir,,,,,,,
532,Denosumab,,,,,,,
533,Deoxycholic,,,,,,,
534,Depakote,,,,,,,
535,Deplin,,,,,,,
536,Depo-Medrol,,,,,,,
537,Depo-Provera,,,,,,,
538,depo-subQ,,,,,,,
539,Depo-Testosterone,,,,,,,
540,Dermal,,,,,,,
541,Derma-Smoothe,,,,,,,
542,Dermatop,,,,,,,
543,Desipramine,,,,,,,
544,Desloratadine,,,,,,,
545,Desmopressin,,,,,,,
546,Desogen,,,,,,,
547,Desogestrel,,,,,,,
548,Desonide,,,,,,,
549,DesOwen,,,,,,,
550,Desoximetasone,,,,,,,
551,Desoxyn,,,,,,,
552,Desquam-X,,,,,,,
553,Desvenlafaxine,,,,,,,
554,Desyrel,,,,,,,
555,Detrol,,,,,,,
556,Dexamethasone,,,,,,,
557,Dexbrompheniramine,,,,,,,
558,Dexchlorpheniramine,,,,,,,
559,Dexedrine,,,,,,,
560,Dexilant,,,,,,,
561,Dexlansoprazole,,,,,,,
562,Dexmethylphenidate,,,,,,,
563,Dextroamphetamine,,,,,,,
564,Dextromethorphan,,,,,,,
565,Dextrostat,,,,,,,
566,Diamox,,,,,,,
567,Diazepam,,,,,,,
568,Diclegis,,,,,,,
569,Diclofenac,,,,,,,
570,Dicyclomine,,,,,,,
571,Didrex,,,,,,,
572,Dienogest,,,,,,,
573,Diethylpropion,,,,,,,
574,Differin,,,,,,,
575,Dificid,,,,,,,
576,Diflorasone,,,,,,,
577,Diflucan,,,,,,,
578,Difluprednate,,,,,,,
579,Di-Gel,,,,,,,
580,Digoxin,,,,,,,
581,Dihydroergotamine,,,,,,,
582,Dilantin,,,,,,,
583,Dilaudid,,,,,,,
584,Dilaudid-HP,,,,,,,
585,Diltiazem,,,,,,,
586,Dimenhydrinate,,,,,,,
587,Dimetapp,,,,,,,
588,Dimethyl,,,,,,,
589,Dinoprostone,,,,,,,
590,Diovan,,,,,,,
591,Diphenhydramine,,,,,,,
592,Diprivan,,,,,,,
593,Disalcid,,,,,,,
594,Disopyramide,,,,,,,
595,Disulfiram,,,,,,,
596,Ditropan,,,,,,,
597,Divalproex,,,,,,,
598,Divigel,,,,,,,
599,Doans,,,,,,,
600,Dobutamine,,,,,,,
601,Docosanol,,,,,,,
602,Docusate,,,,,,,
603,Dofetilide,,,,,,,
604,Dolobid,,,,,,,
605,Dolophine,,,,,,,
606,Dolutegravir,,,,,,,
607,Donepezil,,,,,,,
608,Donnatal,,,,,,,
609,Doral,,,,,,,
610,Doribax,,,,,,,
611,Doripenem,,,,,,,
612,Doryx,,,,,,,
613,Dorzolamide,,,,,,,
614,Dovonex,,,,,,,
615,Doxazosin,,,,,,,
616,Doxepin,,,,,,,
617,Doxidan,,,,,,,
618,Doxorubicin,,,,,,,
619,Doxy,,,,,,,
620,Doxycycline,,,,,,,
621,Doxylamine,,,,,,,
622,Dramamine,,,,,,,
623,Drixoral,,,,,,,
624,Dronabinol,,,,,,,
625,Dronedarone,,,,,,,
626,Droperidol,,,,,,,
627,Drospirenone,,,,,,,
628,Drysol,,,,,,,
629,Duac,,,,,,,
630,Duavee,,,,,,,
631,Duexis,,,,,,,
632,Dulaglutide,,,,,,,
633,Dulcolax,,,,,,,
634,Dulera,,,,,,,
635,Duloxetine,,,,,,,
636,Duofilm,,,,,,,
637,Dupilumab,,,,,,,
638,Dupixent,,,,,,,
639,Duragesic,,,,,,,
640,Durezol,,,,,,,
641,Dutasteride,,,,,,,
642,Dyanavel,,,,,,,
643,Dyazide,,,,,,,
644,Dymista,,,,,,,
645,DynaCirc,,,,,,,
646,Dyrenium,,,,,,,
647,E.E.S.-400,,,,,,,
648,Echinacea,,,,,,,
649,Econazole,,,,,,,
650,Edarbi,,,,,,,
651,Edarbyclor,,,,,,,
652,Edecrin,,,,,,,
653,Edex,,,,,,,
654,Edluar,,,,,,,
655,Edoxaban,,,,,,,
656,Efavirenz,,,,,,,
657,Effexor,,,,,,,
658,Efinaconazole,,,,,,,
659,Eflornithine,,,,,,,
660,Efudex,,,,,,,
661,Egrifta,,,,,,,
662,Elavil,,,,,,,
663,Elbasvir,,,,,,,
664,Eldepryl,,,,,,,
665,Elestrin,,,,,,,
666,Eletone,,,,,,,
667,Eletriptan,,,,,,,
668,Elidel,,,,,,,
669,Eligard,,,,,,,
670,Eliquis,,,,,,,
671,ella,,,,,,,
672,Elmiron,,,,,,,
673,Elocon,,,,,,,
674,Eltrombopag,,,,,,,
675,Eluxadoline,,,,,,,
676,Embeda,,,,,,,
677,Emend,,,,,,,
678,Emetrol,,,,,,,
679,Emollients,,,,,,,
680,Emoquette,,,,,,,
681,Empagliflozin,,,,,,,
682,Emsam,,,,,,,
683,Emtricitabine,,,,,,,
684,Enablex,,,,,,,
685,Enalapril,,,,,,,
686,Enbrel,,,,,,,
687,Endocet,,,,,,,
688,Enfuvirtide,,,,,,,
689,Enjuvia,,,,,,,
690,Enoxaparin,,,,,,,
691,Enskyce,,,,,,,
692,Entacapone,,,,,,,
693,EnteraGam,,,,,,,
694,Entocort,,,,,,,
695,Entresto,,,,,,,
696,Entyvio,,,,,,,
697,Eovist,,,,,,,
698,Epclusa,,,,,,,
699,Ephedrine,,,,,,,
700,EpiCeram,,,,,,,
701,Epiduo,,,,,,,
702,Epinephrine,,,,,,,
703,Eplerenone,,,,,,,
704,Epoetin,,,,,,,
705,Epogen,,,,,,,
706,Epoprostenol,,,,,,,
707,Epsom,,,,,,,
708,Eptifibatide,,,,,,,
709,Epzicom,,,,,,,
710,Equetro,,,,,,,
711,Ergocalciferol,,,,,,,
712,Eribulin,,,,,,,
713,Erlotinib,,,,,,,
714,Errin,,,,,,,
715,Ertaczo,,,,,,,
716,Erythrocin,,,,,,,
717,Erythromycin,,,,,,,
718,Escitalopram,,,,,,,
719,Esgic,,,,,,,
720,Esgic-Plus,,,,,,,
721,Eskalith,,,,,,,
722,Eslicarbazepine,,,,,,,
723,Esomeprazole,,,,,,,
724,Estarylla,,,,,,,
725,Estazolam,,,,,,,
726,Esterified,,,,,,,
727,Estrace,,,,,,,
728,Estraderm,,,,,,,
729,Estradiol,,,,,,,
730,Estratest,,,,,,,
731,Estring,,,,,,,
732,Estropipate,,,,,,,
733,Eszopiclone,,,,,,,
734,Etanercept,,,,,,,
735,Ethambutol,,,,,,,
736,Ethinyl,,,,,,,
737,Ethmozine,,,,,,,
738,Ethotoin,,,,,,,
739,Etodolac,,,,,,,
740,Etonogestrel,,,,,,,
741,Eucrisa,,,,,,,
742,Euflexxa,,,,,,,
743,Evamist,,,,,,,
744,Evekeo,,,,,,,
745,Evening,,,,,,,
746,Everolimus,,,,,,,
747,Evista,,,,,,,
748,Evolocumab,,,,,,,
749,Evoxac,,,,,,,
750,Evzio,,,,,,,
751,Exalgo,,,,,,,
752,Excedrin,,,,,,,
753,Exelon,,,,,,,
754,Exemestane,,,,,,,
755,Exenatide,,,,,,,
756,Exforge,,,,,,,
757,Ex-Lax,,,,,,,
758,Exparel,,,,,,,
759,Exubera,,,,,,,
760,Eyebright,,,,,,,
761,Eylea,,,,,,,
762,Ezetimibe,,,,,,,
763,E-Z-Gas,,,,,,,
764,Factive,,,,,,,
765,Falmina,,,,,,,
766,Famciclovir,,,,,,,
767,Famotidine,,,,,,,
768,Famvir,,,,,,,
769,Fanapt,,,,,,,
770,Farxiga,,,,,,,
771,Fastin,,,,,,,
772,Febuxostat,,,,,,,
773,Feen-A-Mint,,,,,,,
774,Felbamate,,,,,,,
775,Felbatol,,,,,,,
776,Feldene,,,,,,,
777,Felodipine,,,,,,,
778,Femara,,,,,,,
779,Femcon,,,,,,,
780,femhrt,,,,,,,
781,Femring,,,,,,,
782,Fenofibrate,,,,,,,
783,Fenofibric,,,,,,,
784,Fenoprofen,,,,,,,
785,Fentanyl,,,,,,,
786,Fentora,,,,,,,
787,Fenugreek,,,,,,,
788,Feosol,,,,,,,
789,Feraheme,,,,,,,
790,Ferric,,,,,,,
791,Ferrous,,,,,,,
792,Fesoterodine,,,,,,,
793,Fetzima,,,,,,,
794,Fexofenadine,,,,,,,
795,FiberCon,,,,,,,
796,Fidaxomicin,,,,,,,
797,Finacea,,,,,,,
798,Finasteride,,,,,,,
799,Fingolimod,,,,,,,
800,Fioricet,,,,,,,
801,Fiorinal,,,,,,,
802,Firazyr,,,,,,,
803,Flagyl,,,,,,,
804,Flavoxate,,,,,,,
805,Flecainide,,,,,,,
806,Flector,,,,,,,
807,Fleet,,,,,,,
808,Flexeril,,,,,,,
809,Flolan,,,,,,,
810,Flomax,,,,,,,
811,Flonase,,,,,,,
812,Florastor,,,,,,,
813,Florinef,,,,,,,
814,Flovent,,,,,,,
815,Fluconazole,,,,,,,
816,Fludrocortisone,,,,,,,
817,FluMist,,,,,,,
818,Flunisolide,,,,,,,
819,Fluocinolone,,,,,,,
820,Fluocinonide,,,,,,,
821,Fluoride,,,,,,,
822,Fluorometholone,,,,,,,
823,Fluoroplex,,,,,,,
824,Fluorouracil,,,,,,,
825,Fluoxetine,,,,,,,
826,Fluphenazine,,,,,,,
827,Flurandrenolide,,,,,,,
828,Flurazepam,,,,,,,
829,Flurbiprofen,,,,,,,
830,Fluticasone,,,,,,,
831,Fluvoxamine,,,,,,,
832,Focalin,,,,,,,
833,Follicle,,,,,,,
834,Foradil,,,,,,,
835,Forfivo,,,,,,,
836,Formoterol,,,,,,,
837,Forteo,,,,,,,
838,Fortesta,,,,,,,
839,Fosamax,,,,,,,
840,Fosinopril,,,,,,,
841,Fosrenol,,,,,,,
842,FreshKote,,,,,,,
843,Frova,,,,,,,
844,Frovatriptan,,,,,,,
845,Fulvestrant,,,,,,,
846,Fulvicin,,,,,,,
847,Furadantin,,,,,,,
848,Furosemide,,,,,,,
849,Fycompa,,,,,,,
850,Gabapentin,,,,,,,
851,Gabarone,,,,,,,
852,Gabitril,,,,,,,
853,Gadoxetate,,,,,,,
854,Galantamine,,,,,,,
855,Gamunex,,,,,,,
856,Gamunex-C,,,,,,,
857,Gardasil,,,,,,,
858,Garlic,,,,,,,
859,Gas-X,,,,,,,
860,Gatifloxacin,,,,,,,
861,GaviLyte-C,,,,,,,
862,GaviLyte-G,,,,,,,
863,GaviLyte-N,,,,,,,
864,Gefitinib,,,,,,,
865,Gelnique,,,,,,,
866,Gemfibrozil,,,,,,,
867,Gemifloxacin,,,,,,,
868,Generess,,,,,,,
869,Generlac,,,,,,,
870,Gentamicin,,,,,,,
871,GenTeal,,,,,,,
872,Gentian,,,,,,,
873,Genvoya,,,,,,,
874,Geodon,,,,,,,
875,Gianvi,,,,,,,
876,Gildess,,,,,,,
877,Gilenya,,,,,,,
878,Ginger,,,,,,,
879,Ginseng,,,,,,,
880,Glatiramer,,,,,,,
881,Gleevec,,,,,,,
882,Glimepiride,,,,,,,
883,Glipizide,,,,,,,
884,Glucophage,,,,,,,
885,Glucose,,,,,,,
886,Glucotrol,,,,,,,
887,Glyburide,,,,,,,
888,Glycerin,,,,,,,
889,Glyxambi,,,,,,,
890,Gold,,,,,,,
891,Golimumab,,,,,,,
892,GoLYTELY,,,,,,,
893,Gonal-f,,,,,,,
894,Goody's,,,,,,,
895,Goserelin,,,,,,,
896,Gralise,,,,,,,
897,Granulex,,,,,,,
898,Griseofulvin,,,,,,,
899,Gris-PEG,,,,,,,
900,Guaifenesin,,,,,,,
901,Guanfacine,,,,,,,
902,Guarana,,,,,,,
903,Gynazole-,,,,,,,
904,H.P.,,,,,,,
905,Habitrol,,,,,,,
906,Halaven,,,,,,,
907,Halcion,,,,,,,
908,Haldol,,,,,,,
909,Halfan,,,,,,,
910,HalfLytely,,,,,,,
911,Halobetasol,,,,,,,
912,Halofantrine,,,,,,,
913,Haloperidol,,,,,,,
914,Harvoni,,,,,,,
915,Heme,,,,,,,
916,Herceptin,,,,,,,
917,Hetlioz,,,,,,,
918,Hexachlorophene,,,,,,,
919,Hiprex,,,,,,,
920,Histrelin,,,,,,,
921,Hizentra,,,,,,,
922,Homatropine,,,,,,,
923,Horizant,,,,,,,
924,Humalog,,,,,,,
925,Human,,,,,,,
926,Humira,,,,,,,
927,Humulin,,,,,,,
928,Hyaluronan,,,,,,,
929,Hycodan,,,,,,,
930,Hydralazine,,,,,,,
931,Hydrea,,,,,,,
932,Hydrochlorothiazide,,,,,,,
933,Hydrocodone,,,,,,,
934,Hydrocortisone,,,,,,,
935,Hydromet,,,,,,,
936,Hydromorphone,,,,,,,
937,Hydroquinone,,,,,,,
938,Hydroxocobalamin,,,,,,,
939,Hydroxyamphetamine,,,,,,,
940,Hydroxychloroquine,,,,,,,
941,Hydroxyprogesterone,,,,,,,
942,Hydroxyurea,,,,,,,
943,Hydroxyzine,,,,,,,
944,Hylan,,,,,,,
945,Hylenex,,,,,,,
946,Hyoscyamine,,,,,,,
947,Hyosyne,,,,,,,
948,Hypercare,,,,,,,
949,Hysingla,,,,,,,
950,Hytrin,,,,,,,
951,Hyzaar,,,,,,,
952,Hyzine,,,,,,,
953,Ibandronate,,,,,,,
954,Ibrance,,,,,,,
955,Ibrutinib,,,,,,,
956,Ibuprofen,,,,,,,
957,Icatibant,,,,,,,
958,Icosapent,,,,,,,
959,Ilevro,,,,,,,
960,Iloperidone,,,,,,,
961,Imatinib,,,,,,,
962,Imbruvica,,,,,,,
963,Imdur,,,,,,,
964,Imipramine,,,,,,,
965,Imiquimod,,,,,,,
966,Imitrex,,,,,,,
967,Immune,,,,,,,
968,Imodium,,,,,,,
969,Implanon,,,,,,,
970,Imuran,,,,,,,
971,Inapsine,,,,,,,
972,Incivek,,,,,,,
973,Incruse,,,,,,,
974,Inderal,,,,,,,
975,Indocin,,,,,,,
976,Indomethacin,,,,,,,
977,Infliximab,,,,,,,
978,Influenza,,,,,,,
979,Inova,,,,,,,
980,Insulin,,,,,,,
981,Intal,,,,,,,
982,Intelence,,,,,,,
983,Interferon,,,,,,,
984,Intron,,,,,,,
985,Intuniv,,,,,,,
986,Invega,,,,,,,
987,Invokana,,,,,,,
988,Iophen-C,,,,,,,
989,Ipratropium,,,,,,,
990,Irbesartan,,,,,,,
991,Iressa,,,,,,,
992,Iron,,,,,,,
993,Isentress,,,,,,,
994,Isoniazid,,,,,,,
995,Isoproterenol,,,,,,,
996,Isosorbide,,,,,,,
997,Isotretinoin,,,,,,,
998,Itraconazole,,,,,,,
999,Ivacaftor,,,,,,,
1000,Ivermectin,,,,,,,
1001,Ixekizumab,,,,,,,
1002,Jakafi,,,,,,,
1003,Jalyn,,,,,,,
1004,Janumet,,,,,,,
1005,Januvia,,,,,,,
1006,Jardiance,,,,,,,
1007,Jencycla,,,,,,,
1008,Jentadueto,,,,,,,
1009,Jolessa,,,,,,,
1010,Jolivette,,,,,,,
1011,Jublia,,,,,,,
1012,Junel,,,,,,,
1013,Kadian,,,,,,,
1014,Kalbitor,,,,,,,
1015,Kaletra,,,,,,,
1016,Kalydeco,,,,,,,
1017,Kapidex,,,,,,,
1018,Kapvay,,,,,,,
1019,Kariva,,,,,,,
1020,Kava,,,,,,,
1021,Keflex,,,,,,,
1022,Kemadrin,,,,,,,
1023,Kenalog,,,,,,,
1024,Kenalog-,,,,,,,
1025,Kenalog-40,,,,,,,
1026,Keppra,,,,,,,
1027,Kerafoam,,,,,,,
1028,Kerydin,,,,,,,
1029,Ketamine,,,,,,,
1030,Ketoconazole,,,,,,,
1031,Ketoprofen,,,,,,,
1032,Ketorolac,,,,,,,
1033,Ketotifen,,,,,,,
1034,Keytruda,,,,,,,
1035,Kineret,,,,,,,
1036,Kionex,,,,,,,
1037,Klonopin,,,,,,,
1038,Klor-Con,,,,,,,
1039,KneeRelief,,,,,,,
1040,Kombiglyze,,,,,,,
1041,Konsyl,,,,,,,
1042,Krystexxa,,,,,,,
1043,Kyleena,,,,,,,
1044,Kyprolis,,,,,,,
1045,Lac-Hydrin,,,,,,,
1046,Lacosamide,,,,,,,
1047,Lacrisert,,,,,,,
1048,Lactaid,,,,,,,
1049,Lactase,,,,,,,
1050,Lactic,,,,,,,
1051,Lactobacillus,,,,,,,
1052,Lactulose,,,,,,,
1053,Lamictal,,,,,,,
1054,Lamisil,,,,,,,
1055,Lamivudine,,,,,,,
1056,Lamotrigine,,,,,,,
1057,Lansoprazole,,,,,,,
1058,Lantus,,,,,,,
1059,Lapatinib,,,,,,,
1060,Lariam,,,,,,,
1061,Larin,,,,,,,
1062,Lasix,,,,,,,
1063,Lastacaft,,,,,,,
1064,Latanoprost,,,,,,,
1065,Latisse,,,,,,,
1066,Latuda,,,,,,,
1067,Ledipasvir,,,,,,,
1068,Leflunomide,,,,,,,
1069,Lemtrada,,,,,,,
1070,Lenalidomide,,,,,,,
1071,Lesinurad,,,,,,,
1072,Lessina,,,,,,,
1073,Letairis,,,,,,,
1074,Letrozole,,,,,,,
1075,Leuprolide,,,,,,,
1076,Levacet,,,,,,,
1077,Levalbuterol,,,,,,,
1078,Levaquin,,,,,,,
1079,Levemir,,,,,,,
1080,Levetiracetam,,,,,,,
1081,Levitra,,,,,,,
1082,Levlen,,,,,,,
1083,Levocarnitine,,,,,,,
1084,Levocetirizine,,,,,,,
1085,Levo-Dromoran,,,,,,,
1086,Levofloxacin,,,,,,,
1087,Levomilnacipran,,,,,,,
1088,Levonorgestrel,,,,,,,
1089,Levophed,,,,,,,
1090,Levora,,,,,,,
1091,Levorphanol,,,,,,,
1092,Levothyroxine,,,,,,,
1093,Levoxyl,,,,,,,
1094,Levsin,,,,,,,
1095,Lexapro,,,,,,,
1096,Lexiscan,,,,,,,
1097,Lialda,,,,,,,
1098,Librax,,,,,,,
1099,Librium,,,,,,,
1100,Lidex,,,,,,,
1101,Lidocaine,,,,,,,
1102,Lidoderm,,,,,,,
1103,Lifitegrast,,,,,,,
1104,Liletta,,,,,,,
1105,Limbitrol,,,,,,,
1106,Limbrel,,,,,,,
1107,Linaclotide,,,,,,,
1108,Linagliptin,,,,,,,
1109,Lindane,,,,,,,
1110,Linezolid,,,,,,,
1111,Linzess,,,,,,,
1112,Lioresal,,,,,,,
1113,Liothyronine,,,,,,,
1114,Lipitor,,,,,,,
1115,Liraglutide,,,,,,,
1116,Lisdexamfetamine,,,,,,,
1117,Lisinopril,,,,,,,
1118,Lithium,,,,,,,
1119,Lithobid,,,,,,,
1120,Livalo,,,,,,,
1121,L-methylfolate,,,,,,,
1122,Lo,,,,,,,
1123,Locoid,,,,,,,
1124,Lodine,,,,,,,
1125,Loestrin,,,,,,,
1126,Lomaira,,,,,,,
1127,Lomedia,,,,,,,
1128,Lomotil,,,,,,,
1129,Lonox,,,,,,,
1130,Loperamide,,,,,,,
1131,Lopressor,,,,,,,
1132,Loprox,,,,,,,
1133,Loratadine,,,,,,,
1134,Lorazepam,,,,,,,
1135,Lorcaserin,,,,,,,
1136,Lortab,,,,,,,
1137,Loryna,,,,,,,
1138,Lorzone,,,,,,,
1139,Losartan,,,,,,,
1140,LoSeasonique,,,,,,,
1141,Lotemax,,,,,,,
1142,Loteprednol,,,,,,,
1143,Lotrel,,,,,,,
1144,Lotronex,,,,,,,
1145,Lovastatin,,,,,,,
1146,Lovaza,,,,,,,
1147,Lovenox,,,,,,,
1148,Low-Ogestrel-2,,,,,,,
1149,Loxapine,,,,,,,
1150,Lubiprostone,,,,,,,
1151,Lucentis,,,,,,,
1152,Lumigan,,,,,,,
1153,Luminal,,,,,,,
1154,Lunesta,,,,,,,
1155,Lupron,,,,,,,
1156,Lurasidone,,,,,,,
1157,Lutera,,,,,,,
1158,Luvox,,,,,,,
1159,Luxiq,,,,,,,
1160,Lybrel,,,,,,,
1161,Lymphoseek,,,,,,,
1162,Lyrica,,,,,,,
1163,Lysine,,,,,,,
1164,Lysteda,,,,,,,
1165,Lyza,,,,,,,
1166,Macitentan,,,,,,,
1167,Macrobid,,,,,,,
1168,Macrodantin,,,,,,,
1169,Magaldrate,,,,,,,
1170,Magnacet,,,,,,,
1171,Magnesium,,,,,,,
1172,Makena,,,,,,,
1173,Malarone,,,,,,,
1174,Malathion,,,,,,,
1175,Maprotiline,,,,,,,
1176,Marezine,,,,,,sodium,biphosphate
1177,Marinol,,,,,,,
1178,Marlissa,,,,,,,
1179,Maxalt,,,,,,,
1180,Maxalt-MLT,,,,,,,
1181,Maxaron,,,,,,,
1182,Maxifed,,,,,,,
1183,Mebaral,,,,,,,
1184,Meclizine,,,,,,,
1185,Medrol,,,,,,,
1186,Medrox,,,,,,,
1187,Medroxyprogesterone,,,,,,,
1188,Mefenamic,,,,,,,
1189,Mefloquine,,,,,,,
1190,Megace,,,,,,,
1191,Megestrol,,,,,,,
1192,Melatonin,,,,,,,
1193,Meloxicam,,,,,,,
1194,Memantine,,,,,,,
1195,Meningococcal,,,,,,,
1196,Menopur,,,,,,,
1197,Menotropins,,,,,,,
1198,Menthol,,,,,,,
1199,Meperidine,,,,,,,
1200,Mephobarbital,,,,,,,
1201,Mepolizumab,,,,,,,
1202,Meprobamate,,,,,,,
1203,Mercaptopurine,,,,,,,
1204,Meridia,,,,,,,
1205,Mesalamine,,,,,,,
1206,Mestinon,,,,,,,
1207,Mestranol,,,,,,,
1208,Metadate,,,,,,,
1209,Metamucil,,,,,,,
1210,Metaproterenol,,,,,,,
1211,Metaxalone,,,,,,,
1212,Metformin,,,,,,,
1213,Methadone,,,,,,,
1214,Methadose,,,,,,,
1215,Methamphetamine,,,,,,,
1216,Methenamine,,,,,,,
1217,Methergine,,,,,,,
1218,Methimazole,,,,,,,
1219,Methocarbamol,,,,,,,
1220,Methotrexate,,,,,,,
1221,Methscopolamine,,,,,,,
1222,Methyl,,,,,,,
1223,Methyldopa,,,,,,,
1224,Methylergonovine,,,,,,,
1225,Methylin,,,,,,,
1226,Methylnaltrexone,,,,,,,
1227,Methylphenidate,,,,,,,
1228,Methylprednisolone,,,,,,,
1229,Metoclopramide,,,,,,,
1230,Metolazone,,,,,,,
1231,Metoprolol,,,,,,,
1232,Metozolv,,,,,,,
1233,MetroCream,,,,,,,
1234,MetroGel,,,,,,,
1235,MetroGel-Vaginal,,,,,,,
1236,Metronidazole,,,,,,,
1237,Mevacor,,,,,,,
1238,Mexiletine,,,,,,,
1239,MG2,,,,,,,
1240,Miacalcin,,,,,,,
1241,Mibelas,,,,,,,
1242,Micardis,,,,,,,
1243,Miconazole,,,,,,,
1244,Microgestin,,,,,,,
1245,Microzide,,,,,,,
1246,Midazolam,,,,,,,
1247,Midodrine,,,,,,,
1248,Migergot,,,,,,,
1249,Miglitol,,,,,,,
1250,Migranal,,,,,,,
1251,Milk,,,,,,,
1252,Milnacipran,,,,,,,
1253,Miltown,,,,,,,
1254,Mimvey,,,,,,,
1255,Minastrin,,,,,,,
1256,Minipress,,,,,,,
1257,Minivelle,,,,,,,
1258,Minocin,,,,,,,
1259,Minocycline,,,,,,,
1260,Minoxidil,,,,,,,
1261,Mirabegron,,,,,,,
1262,MiraLax,,,,,,,
1263,Mirapex,,,,,,,
1264,Mircette,,,,,,,
1265,Mirena,,,,,,,
1266,Mirtazapine,,,,,,,
1267,Mirvaso,,,,,,,
1268,Misoprostol,,,,,,,
1269,Mobic,,,,,,,
1270,Modafinil,,,,,,,
1271,Moderiba,,,,,,,
1272,Mometasone,,,,,,,
1273,Monistat,,,,,,,
1274,Monodox,,,,,,,
1275,Mono-Linyah,,,,,,,
1276,Mononessa,,,,,,,
1277,Montelukast,,,,,,,
1278,Monurol,,,,,,,
1279,Morphine,,,,,,,
1280,Motofen,,,,,,,
1281,Motrin,,,,,,,
1282,Movantik,,,,,,,
1283,MoviPrep,,,,,,,
1284,Moxatag,,,,,,,
1285,Moxeza,,,,,,,
1286,Moxifloxacin,,,,,,,
1287,MS,,,,,,,
1288,Mucinex,,,,,,,
1289,Mucomyst-,,,,,,,
1290,Multaq,,,,,,,
1291,Multivitamin,,,,,,,
1292,Mupirocin,,,,,,,
1293,Muse,,,,,,,
1294,My,,,,,,,
1295,Mycolog,,,,,,,
1296,Mycophenolate,,,,,,,
1297,Mycophenolic,,,,,,,
1298,Mydayis,,,,,,,
1299,Myobloc,,,,,,,
1300,Myophen,,,,,,,
1301,Myrbetriq,,,,,,,
1302,Mysoline,,,,,,,
1303,Nabumetone,,,,,,,
1304,Nadolol,,,,,,,
1305,Nafcillin,,,,,,,
1306,Naftifine,,,,,,,
1307,Naftin,,,,,,,
1308,Nalbuphine,,,,,,,
1309,Naloxegol,,,,,,,
1310,Naloxone,,,,,,,
1311,Naltrexone,,,,,,,
1312,Namenda,,,,,,,
1313,Naphazoline,,,,,,,
1314,Naprelan,,,,,,,
1315,Naprosyn,,,,,,,
1316,Naproxen,,,,,,,
1317,Naratriptan,,,,,,,
1318,Narcan,,,,,,,
1319,Nardil,,,,,,,
1320,Nasacort,,,,,,,
1321,Nasonex,,,,,,,
1322,Natalizumab,,,,,,,
1323,Natazia,,,,,,,
1324,Nateglinide,,,,,,,
1325,Natesto,,,,,,,
1326,Natroba,,,,,,,
1327,Nature-Throid,,,,,,,
1328,Navane,,,,,,,
1329,Nebivolol,,,,,,,
1330,Necon,,,,,,,
1331,Nefazodone,,,,,,,
1332,Nembutal,,,,,,,
1333,Neo-Poly-Dex,,,,,,,
1334,Neosporin,,,,,,,
1335,Neo-Synephrine,,,,,,,
1336,Neulasta,,,,,,,
1337,Neupogen,,,,,,,
1338,Neupro,,,,,,,
1339,Neurontin,,,,,,,
1340,NeutraSal,,,,,,,
1341,Nexafed,,,,,,,
1342,Nexavar,,,,,,,
1343,Nexium,,,,,,,
1344,Nexplanon,,,,,,,
1345,Next,,,,,,,
1346,Niacin,,,,,,,
1347,Niaspan,,,,,,,
1348,Nicoderm,,,,,,,
1349,Nicorette,,,,,,,
1350,Nicotine,,,,,,,
1351,Nicotrol,,,,,,,
1352,Nifedipine,,,,,,,
1353,Nikki,,,,,,,
1354,Nilotinib,,,,,,,
1355,Nimodipine,,,,,,,
1356,Nimotop,,,,,,,
1357,Niravam,,,,,,,
1358,Nitrofurantoin,,,,,,,
1359,Nitroglycerin,,,,,,,
1360,Nitrolingual,,,,,,,
1361,Nivolumab,,,,,,,
1362,Nizatidine,,,,,,,
1363,Nizoral,,,,,,,
1364,NoDoz,,,,,,,
1365,Nonoxynol,,,,,,,
1366,Nora-Be,,,,,,,
1367,Norco,,,,,,,
1368,Norel,,,,,,,
1369,Norepinephrine,,,,,,,
1370,Norethindrone,,,,,,,
1371,Norflex,,,,,,,
1372,Norgesic,,,,,,,
1373,Noritate,,,,,,,
1374,Noroxin,,,,,,,
1375,Norpace,,,,,,,
1376,Norpramin,,,,,,,
1377,Nortrel,,,,,,,
1378,Nortriptyline,,,,,,,
1379,Norvasc,,,,,,,
1380,Nostrilla,,,,,,,
1381,Novantrone,,,,,,,
1382,Novolin,,,,,,,
1383,Novolog,,,,,,,
1384,NP,,,,,,,
1385,Nplate,,,,,,,
1386,Nubain,,,,,,,
1387,Nucynta,,,,,,,
1388,Nuedexta,,,,,,,
1389,NuOx,,,,,,,
1390,Nutropin,,,,,,,
1391,NuvaRing,,,,,,,
1392,Nuvessa,,,,,,,
1393,Nuvigil,,,,,,,
1394,Nyamyc,,,,,,,
1395,Nystatin,,,,,,,
1396,Nystop,,,,,,,
1397,Ocella,,,,,,,
1398,Octreotide,,,,,,,
1399,Ocular,,,,,,,
1400,Odefsey,,,,,,,
1401,Ogestrel-28,,,,,,,
1402,Olanzapine,,,,,,,
1403,Oleptro,,,,,,,
1404,Olmesartan,,,,,,,
1405,Olodaterol,,,,,,,
1406,Olopatadine,,,,,,,
1407,Olux,,,,,,,
1408,Olysio,,,,,,,
1409,Omalizumab,,,,,,,
1410,Omega-,,,,,,,
1411,Omeprazole,,,,,,,
1412,Omnaris,,,,,,,
1413,Omnicef,,,,,,,
1414,OnabotulinumtoxinA,,,,,,,
1415,Ondansetron,,,,,,,
1416,Onexton,,,,,,,
1417,Onfi,,,,,,,
1418,Onglyza,,,,,,,
1419,Opana,,,,,,,
1420,Opcicon,,,,,,,
1421,Opcon-A,,,,,,,
1422,Opdivo,,,,,,,
1423,Opium,,,,,,,
1424,Opsumit,,,,,,,
1425,Oracea,,,,,,,
1426,Orajel,,,,,,,
1427,Oramorph,,,,,,,
1428,Orap,,,,,,,
1429,Orapred,,,,,,,
1430,Oraqix,,,,,,,
1431,Orencia,,,,,,,
1432,Orlistat,,,,,,,
1433,Ornex,,,,,,,
1434,Orphenadrine,,,,,,,
1435,Orsythia,,,,,,,
1436,Ortho,,,,,,,
1437,Ortho-Cept,,,,,,,
1438,Ortho-Novum,,,,,,,
1439,Orthovisc,,,,,,,
1440,Orudis,,,,,,,
1441,Oseltamivir,,,,,,,
1442,OsmoPrep,,,,,,,
1443,Ospemifene,,,,,,,
1444,Osphena,,,,,,,
1445,Otezla,,,,,,,
1446,Ovcon,,,,,,,
1447,Ovide,,,,,,,
1448,Oxaprozin,,,,,,,
1449,Oxaydo,,,,,,,
1450,Oxazepam,,,,,,,
1451,Oxcarbazepine,,,,,,,
1452,Oxistat,,,,,,,
1453,Oxtellar,,,,,,,
1454,Oxybutynin,,,,,,,
1455,Oxycodone,,,,,,,
1456,OxyContin,,,,,,,
1457,Oxydose,,,,,,,
1458,Oxymetazoline,,,,,,,
1459,Oxymorphone,,,,,,,
1460,Oxytrol,,,,,,,
1461,Ozurdex,,,,,,,
1462,Pacerone,,,,,,,
1463,Paclitaxel,,,,,,,
1464,Palbociclib,,,,,,,
1465,Paliperidone,,,,,,,
1466,Pamabrom,,,,,,,
1467,Pamelor,,,,,,,
1468,Pamine,,,,,,,
1469,Pancrelipase,,,,,,,
1470,Panlor,,,,,,,
1471,Pantoprazole,,,,,,,
1472,Parafon,,,,,,,
1473,ParaGard,,,,,,,
1474,Parathyroid,,,,,,,
1475,Paregoric,,,,,,,
1476,Parlodel,,,,,,,
1477,Parnate,,,,,,,
1478,Paroxetine,,,,,,,
1479,Pataday,,,,,,,
1480,Patanase,,,,,,,
1481,Patanol,,,,,,,
1482,Paxil,,,,,,,
1483,Pazeo,,,,,,,
1484,Pazopanib,,,,,,,
1485,PEG-,,,,,,,
1486,Pegaptanib,,,,,,,
1487,Pegasys,,,,,,,
1488,Pegfilgrastim,,,,,,,
1489,Peginterferon,,,,,,,
1490,Pegloticase,,,,,,,
1491,Pembrolizumab,,,,,,,
1492,Pemetrexed,,,,,,,
1493,Pemoline,,,,,,,
1494,Penciclovir,,,,,,,
1495,Penicillin,,,,,,,
1496,Pennsaid,,,,,,,
1497,Pentasa,,,,,,,
1498,Pentazocine,,,,,,,
1499,Pentosan,,,,,,,
1500,Pentoxifylline,,,,,,,
1501,Pepto-Bismol,,,,,,,
1502,Perampanel,,,,,,,
1503,Percocet,,,,,,,
1504,Percodan,,,,,,,
1505,Peridex,,,,,,,
1506,Perindopril,,,,,,,
1507,Periogard,,,,,,,
1508,Permethrin,,,,,,,
1509,Perphenazine,,,,,,,
1510,Pexeva,,,,,,,
1511,Phenazopyridine,,,,,,,
1512,Phendiet,,,,,,,
1513,Phendimetrazine,,,,,,,
1514,Phenelzine,,,,,,,
1515,Phenergan,,,,,,,
1516,Phenobarbital,,,,,,,
1517,Phenol,,,,,,,
1518,Phentermine,,,,,,,
1519,Phenylephrine,,,,,,,
1520,Phenytoin,,,,,,,
1521,Phillips',,,,,,,
1522,pHisoHex,,,,,,,
1523,Phosphorated,,,,,,,
1524,Pilocarpine,,,,,,,
1525,Pimecrolimus,,,,,,,
1526,Pimozide,,,,,,,
1527,Pimtrea,,,,,,,
1528,Pin-X,,,,,,,
1529,Pioglitazone,,,,,,,
1530,Piperacillin,,,,,,,
1531,Pirbuterol,,,,,,,
1532,Piroxicam,,,,,,,
1533,Pitavastatin,,,,,,,
1534,Pitocin,,,,,,,
1535,Plan,,,,,,,
1536,Plaquenil,,,,,,,
1537,Plavix,,,,,,,
1538,Plecanatide,,,,,,,
1539,Plegridy,,,,,,,
1540,Pletal,,,,,,,
1541,Pneumococcal,,,,,,,
1542,Podofilox,,,,,,,
1543,Poly,,,,,,,
1544,Polycarbophil,,,,,,,
1545,Polyethylene,,,,,,,
1546,Polymyxin,,,,,,,
1547,Ponatinib,,,,,,,
1548,Ponstel,,,,,,,
1549,Portia,,,,,,,
1550,Potassium,,,,,,,
1551,Pradaxa,,,,,,,
1552,Praluent,,,,,,,
1553,Pramipexole,,,,,,,
1554,Pramlintide,,,,,,,
1555,Pramosone,,,,,,,
1556,Pramoxine,,,,,,,
1557,Prandin,,,,,,,
1558,Prascion,,,,,,,
1559,Prasugrel,,,,,,,
1560,Pravastatin,,,,,,,
1561,Prazosin,,,,,,,
1562,Prednisolone,,,,,,,
1563,Prednisone,,,,,,,
1564,Pregabalin,,,,,,,
1565,Premarin,,,,,,,
1566,Premphase,,,,,,,
1567,Prempro,,,,,,,
1568,Premsyn,,,,,,,
1569,Prenatabs,,,,,,,
1570,Prenatal,,,,,,,
1571,Prepopik,,,,,,,
1572,Prevacid,,,,,,,
1573,Prevalite,,,,,,,
1574,Prevident,,,,,,,
1575,Previfem,,,,,,,
1576,Prevnar,,,,,,,
1577,Prevpac,,,,,,,
1578,Prezcobix,,,,,,,
1579,Prezista,,,,,,,
1580,Prialt,,,,,,,
1581,Prilosec,,,,,,,
1582,Primatene,,,,,,,
1583,Primidone,,,,,,,
1584,Prinivil,,,,,,,
1585,Pristiq,,,,,,,
1586,Privine,,,,,,,
1587,ProAir,,,,,,,
1588,Probenecid,,,,,,,
1589,Prochlorperazine,,,,,,,
1590,Procrit,,,,,,,
1591,Proctofoam,,,,,,,
1592,Proctosol-HC,,,,,,,
1593,Procyclidine,,,,,,,
1594,Prodrin,,,,,,,
1595,Progesterone,,,,,,,
1596,Prograf,,,,,,,
1597,Prolensa,,,,,,,
1598,Prolia,,,,,,,
1599,Prolixin,,,,,,,
1600,Promacta,,,,,,,
1601,Promethazine,,,,,,,
1602,Prometrium,,,,,,,
1603,Propafenone,,,,,,,
1604,Propecia,,,,,,,
1605,Propofol,,,,,,,
1606,Propoxyphene,,,,,,,
1607,Propranolol,,,,,,,
1608,Propulsid,,,,,,,
1609,Prosom,,,,,,,
1610,Prostigmin,,,,,,,
1611,Protonix,,,,,,,
1612,Protopic,,,,,,,
1613,Provenge,,,,,,,
1614,Proventil,,,,,,,
1615,Provera,,,,,,,
1616,Provigil,,,,,,,
1617,Prozac,,,,,,,
1618,Pseudoephedrine,,,,,,,
1619,Psoriasin,,,,,,,
1620,Psyllium,,,,,,,
1621,Pulmicort,,,,,,,
1622,Pulmozyme,,,,,,,
1623,Pylera,,,,,,,
1624,Pyrantel,,,,,,,
1625,Pyridium,,,,,,,
1626,Pyridostigmine,,,,,,,
1627,Pyrithione,,,,,,,
1628,Q-Dryl,,,,,,,
1629,QNASL,,,,,,,
1630,Qsymia,,,,,,,
1631,Q-Tapp,,,,,,,
1632,Quasense,,,,,,,
1633,Questran,,,,,,,
1634,Quetiapine,,,,,,,
1635,Quillivant,,,,,,,
1636,Quinapril,,,,,,,
1637,Quinine,,,,,,,
1638,Qvar,,,,,,,
1639,Rabeprazole,,,,,,,
1640,Racepinephrine,,,,,,,
1641,RadiaPlexRx,,,,,,,
1642,Radium,,,,,,,
1643,Rajani,,,,,,,
1644,Raltegravir,,,,,,,
1645,Ramelteon,,,,,,,
1646,Ramipril,,,,,,,
1647,Ranexa,,,,,,,
1648,Ranibizumab,,,,,,,
1649,Ranitidine,,,,,,,
1650,Ranolazine,,,,,,,
1651,Rapaflo,,,,,,,
1652,Rebif,,,,,,,
1653,Reclast,,,,,,,
1654,Reclipsen,,,,,,,
1655,Rectiv,,,,,,,
1656,Red,,,,,,,
1657,Regadenoson,,,,,,,
1658,Reglan,,,,,,,
1659,Regorafenib,,,,,,,
1660,Relafen,,,,,,,
1661,Relenza,,,,,,,
1662,Relistor,,,,,,,
1663,Relpax,,,,,,,
1664,Remeron,,,,,,,
1665,Remicade,,,,,,,
1666,Renvela,,,,,,,
1667,Repaglinide,,,,,,,
1668,Repatha,,,,,,,
1669,Reprexain,,,,,,,
1670,Requip,,,,,,,
1671,Restasis,,,,,,,
1672,Restoril,,,,,,,
1673,Retapamulin,,,,,,,
1674,Retin-A,,,,,,,
1675,Revatio,,,,,,,
1676,Revia,,,,,,,
1677,Revlimid,,,,,,,
1678,Rexulti,,,,,,,
1679,Rezira,,,,,,,
1680,Rhinocort,,,,,,,
1681,Rho,,,,,,,
1682,Rhofade,,,,,,,
1683,Ribasphere,,,,,,,
1684,Ribavirin,,,,,,,
1685,Riboflavin,,,,,,,
1686,Rifabutin,,,,,,,
1687,Rifampin,,,,,,,
1688,Rifaximin,,,,,,,
1689,Risedronate,,,,,,,
1690,Risperdal,,,,,,,
1691,Risperidone,,,,,,,
1692,Ritalin,,,,,,,
1693,Ritalin-SR,,,,,,,
1694,Ritonavir,,,,,,,
1695,Rituxan,,,,,,,
1696,Rituximab,,,,,,,
1697,Rivaroxaban,,,,,,,
1698,Rivastigmine,,,,,,,
1699,Rizatriptan,,,,,,,
1700,Robaxin,,,,,,,
1701,Robaxin-750,,,,,,,
1702,Robitussin,,,,,,,
1703,Rocaltrol,,,,,,,
1704,Rocephin,,,,,,,
1705,Rocuronium,,,,,,,
1706,Roflumilast,,,,,,,
1707,Rogaine,,,,,,,
1708,Romiplostim,,,,,,,
1709,Ropinirole,,,,,,,
1710,Rosac,,,,,,,
1711,Rosiglitazone,,,,,,,
1712,Rosula,,,,,,,
1713,Rosuvastatin,,,,,,,
1714,Rotigotine,,,,,,,
1715,Rowasa,,,,,,,
1716,Roxicet,,,,,,,
1717,Roxicodone,,,,,,,
1718,Rozerem,,,,,,,
1719,Rozex,,,,,,,
1720,R-Tanna,,,,,,,
1721,Ruxolitinib,,,,,,,
1722,Rydapt,,,,,,,
1723,Rynatan,,,,,,,
1724,Rytary,,,,,,,
1725,Rythmol,,,,,,,
1726,Ryzolt,,,,,,,
1727,Saccharomyces,,,,,,,
1728,Sacubitril,,,,,,,
1729,S-adenosylmethionine,,,,,,,
1730,Safyral,,,,,,,
1731,Salagen,,,,,,,
1732,Salicylic,,,,,,,
1733,Saliva,,,,,,,
1734,SalivaMAX,,,,,,,
1735,Salmeterol,,,,,,,
1736,Salofalk,,,,,,,
1737,Salonpas,,,,,,,
1738,Sanctura,,,,,,,
1739,Sancuso,,,,,,,
1740,Sandostatin,,,,,,,
1741,Sansert,,,,,,,
1742,Saphris,,,,,,,
1743,Sarafem,,,,,,,
1744,Sarna,,,,,,,
1745,Savella,,,,,,,
1746,Saw,,,,,,,
1747,Saxagliptin,,,,,,,
1748,Saxenda,,,,,,,
1749,Scopolamine,,,,,,,
1750,Seasonale,,,,,,,
1751,Seasonique,,,,,,,
1752,Sebulex,,,,,,,
1753,Secobarbital,,,,,,,
1754,Seconal,,,,,,,
1755,Secukinumab,,,,,,,
1756,Selegiline,,,,,,,
1757,Selenium,,,,,,,
1758,Selexipag,,,,,,,
1759,Selsun,,,,,,,
1760,Senna,,,,,,,
1761,Senokot,,,,,,,
1762,Sensipar,,,,,,,
1763,Septra,,,,,,,
1764,Serax,,,,,,,
1765,Seroquel,,,,,,,
1766,Serostim,,,,,,,
1767,Sertraline,,,,,,,
1768,Serzone,,,,,,,
1769,Sevelamer,,,,,,,
1770,Sharobel,,,,,,,
1771,Sildec-PE,,,,,,,
1772,Sildenafil,,,,,,,
1773,Silenor,,,,,,,
1774,Siliq,,,,,,,
1775,Silodosin,,,,,,,
1776,Silvadene,,,,,,,
1777,Silver,,,,,,,
1778,Simbrinza,,,,,,,
1779,Simcor,,,,,,,
1780,Simethicone,,,,,,,
1781,Simply,,,,,,,
1782,Simponi,,,,,,,
1783,Simvastatin,,,,,,,
1784,Sinemet,,,,,,,
1785,Sine-Off,,,,,,,
1786,Sinequan,,,,,,,
1787,Singulair,,,,,,,
1788,Sipuleucel-T,,,,,,,
1789,Sitagliptin,,,,,,,
1790,Sitavig,,,,,,,
1791,Skelaxin,,,,,,,
1792,Sklice,,,,,,,
1793,Skyla,,,,,,,
1794,Sleep,,,,,,,
1795,Slo-Niacin,,,,,,,
1796,Slow,,,,,,,
1797,SMZ-TMP,,,,,,,
1798,Sodium,,,,,,,
1799,Sofosbuvir,,,,,,,
1800,Solaraze,,,,,,,
1801,Solarcaine,,,,,,,
1802,Solifenacin,,,,,,,
1803,Solodyn,,,,,,,
1804,Solu-Medrol,,,,,,,
1805,Soma,,,,,,,
1806,Somatropin,,,,,,,
1807,Sominex,,,,,,,
1808,Somnote,,,,,,,
1809,Sonata,,,,,,,
1810,Soolantra,,,,,,,
1811,Sorafenib,,,,,,,
1812,Sorbitol,,,,,,,
1813,Sotalol,,,,,,,
1814,Sotret,,,,,,,
1815,Sovaldi,,,,,,,
1816,Spectracef,,,,,,,
1817,Spinosad,,,,,,,
1818,Spiriva,,,,,,,
1819,Spironolactone,,,,,,,
1820,Sporanox,,,,,,,
1821,Sprintec,,,,,,,
1822,Sprix,,,,,,,
1823,Sprycel,,,,,,,
1824,Sronyx,,,,,,,
1825,St.,,,,,,,
1826,Stadol,,,,,,,
1827,Stalevo,,,,,,,
1828,Staxyn,,,,,,,
1829,Stelara,,,,,,,
1830,Stelazine,,,,,,,
1831,Stendra,,,,,,,
1832,Sterapred,,,,,,,
1833,Stimate,,,,,,,
1834,Stiolto,,,,,,,
1835,Strattera,,,,,,,
1836,Stribild,,,,,,,
1837,Striverdi,,,,,,,
1838,Stromectol,,,,,,,
1839,Sublimaze,,,,,,,
1840,Suboxone,,,,,,,
1841,Subsys,,,,,,,
1842,Subutex,,,,,,,
1843,Succinylcholine,,,,,,,
1844,Sucralfate,,,,,,,
1845,Sucroferric,,,,,,,
1846,Sudafed,,,,,,,
1847,Sulfacetamide,,,,,,,
1848,Sulfamethoxazole,,,,,,,
1849,Sulfasalazine,,,,,,,
1850,Sulfazine,,,,,,,
1851,Sulindac,,,,,,,
1852,Sumatriptan,,,,,,,
1853,Sumavel,,,,,,,
1854,Sunitinib,,,,,,,
1855,Supartz,,,,,,,
1856,Supprelin,,,,,,,
1857,Suprax,,,,,,,
1858,Suprenza,,,,,,,
1859,Suprep,,,,,,,
1860,Sustiva,,,,,,,
1861,Sutent,,,,,,,
1862,Suvorexant,,,,,,,
1863,Symax,,,,,,,
1864,Symbicort,,,,,,,
1865,Symbyax,,,,,,,
1866,Symlin,,,,,,,
1867,Synalar,,,,,,,
1868,Synarel,,,,,,,
1869,Synjardy,,,,,,,
1870,Synthroid,,,,,,,
1871,Synvisc,,,,,,,
1872,Synvisc-One,,,,,,,
1873,Systane,,,,,,,
1874,Taclonex,,,,,,,
1875,Tacrolimus,,,,,,,
1876,Tadalafil,,,,,,,
1877,Take,,,,,,,
1878,Taltz,,,,,,,
1879,Talwin,,,,,,,
1880,Tambocor,,,,,,,
1881,Tamiflu,,,,,,,
1882,Tamoxifen,,,,,,,
1883,Tamsulosin,,,,,,,
1884,Tanzeum,,,,,,,
1885,Tapentadol,,,,,,,
1886,Tarceva,,,,,,,
1887,Targretin,,,,,,,
1888,Tarina,,,,,,,
1889,Tarka,,,,,,,
1890,Tasigna,,,,,,,
1891,Tasimelteon,,,,,,,
1892,Tavaborole,,,,,,,
1893,Taxol,,,,,,,
1894,Taxotere,,,,,,,
1895,Taytulla,,,,,,,
1896,Tazarotene,,,,,,,
1897,Tazorac,,,,,,,
1898,Tears,,,,,,,
1899,Tecfidera,,,,,,,
1900,Tegaserod,,,,,,,
1901,Tegretol,,,,,,,
1902,Tekturna,,,,,,,
1903,Telaprevir,,,,,,,
1904,Telmisartan,,,,,,,
1905,Temazepam,,,,,,,
1906,Temodar,,,,,,,
1907,Temovate,,,,,,,
1908,Tenex,,,,,,,
1909,Tenofovir,,,,,,,
1910,Tenormin,,,,,,,
1911,Tenuate,,,,,,,
1912,Terazol,,,,,,,
1913,Terazosin,,,,,,,
1914,Terbinafine,,,,,,,
1915,Terbutaline,,,,,,,
1916,Terconazole,,,,,,,
1917,Teriflunomide,,,,,,,
1918,Teriparatide,,,,,,,
1919,Tesamorelin,,,,,,,
1920,Tessalon,,,,,,,
1921,Testim,,,,,,,
1922,Testopel,,,,,,,
1923,Testosterone,,,,,,,
1924,Tetracycline,,,,,,,
1925,Tetrahydrozoline,,,,,,,
1926,Tev-Tropin,,,,,,,
1927,Theophylline,,,,,,,
1928,TheraTears,,,,,,,
1929,Thioridazine,,,,,,,
1930,Thiothixene,,,,,,,
1931,Thorazine,,,,,,,
1932,Thyroid,,,,,,,
1933,Tiagabine,,,,,,,
1934,Ticagrelor,,,,,,,
1935,Tigan,,,,,,,
1936,Tikosyn,,,,,,,
1937,Tilmanocept,,,,,,,
1938,Timolol,,,,,,,
1939,Tindamax,,,,,,,
1940,Tinidazole,,,,,,,
1941,Tinzaparin,,,,,,,
1942,Tioconazole,,,,,,,
1943,Tiotropium,,,,,,,
1944,Tirosint,,,,,,,
1945,Tivicay,,,,,,,
1946,Tizanidine,,,,,,,
1947,TobraDex,,,,,,,
1948,Tobramycin,,,,,,,
1949,Tocilizumab,,,,,,,
1950,Tofacitinib,,,,,,,
1951,Tofranil,,,,,,,
1952,Tolak,,,,,,,
1953,Tolectin,,,,,,,
1954,Tolnaftate,,,,,,,
1955,Tolterodine,,,,,,,
1956,Topamax,,,,,,,
1957,Topicort,,,,,,,
1958,Topiramate,,,,,,,
1959,Toprol-XL,,,,,,,
1960,Toradol,,,,,,,
1961,Torsemide,,,,,,,
1962,Toujeo,,,,,,,
1963,Toviaz,,,,,,,
1964,Tradjenta,,,,,,,
1965,Tramadol,,,,,,,
1966,Tranexamic,,,,,,,
1967,Transderm-Scop,,,,,,,
1968,Tranxene,,,,,,,
1969,Tranylcypromine,,,,,,,
1970,Travatan,,,,,,,
1971,Travoprost,,,,,,,
1972,Trazodone,,,,,,,
1973,Trelstar,,,,,,,
1974,Trental,,,,,,,
1975,Treprostinil,,,,,,,
1976,Tresiba,,,,,,,
1977,Tretinoin,,,,,,,
1978,Tretin-X,,,,,,,
1979,Treximet,,,,,,,
1980,Trezix,,,,,,,
1981,Triamcinolone,,,,,,,
1982,Triamterene,,,,,,,
1983,Triazolam,,,,,,,
1984,Tribenzor,,,,,,,
1985,TriCor,,,,,,,
1986,Tri-Estarylla,,,,,,,
1987,Trifluoperazine,,,,,,,
1988,Trihexyphenidyl,,,,,,,
1989,Trilafon,,,,,,,
1990,Trileptal,,,,,,,
1991,Tri-Linyah,,,,,,,
1992,Trilipix,,,,,,,
1993,Trilisate,,,,,,,
1994,Tri-Lo-Estarylla,,,,,,,
1995,Tri-Lo-Marzia,,,,,,,
1996,Tri-Lo-Sprintec,,,,,,,
1997,Tri-Luma,,,,,,,
1998,TriLyte,,,,,,,
1999,Trimethobenzamide,,,,,,,
2000,Trimethoprim,,,,,,,
2001,Trimipramine,,,,,,,
2002,TriNessa,,,,,,,
2003,Trintellix,,,,,,,
2004,Triple,,,,,,,
2005,Tri-Previfem,,,,,,,
2006,Triptorelin,,,,,,,
2007,Tri-Sprintec,,,,,,,
2008,Triumeq,,,,,,,
2009,Trivora,,,,,,,
2010,Trolamine,,,,,,,
2011,Tropicamide,,,,,,,
2012,Trospium,,,,,,,
2013,Trulance,,,,,,,
2014,Trulicity,,,,,,,
2015,Trusopt,,,,,,,
2016,Truvada,,,,,,,
2017,Tryptophan,,,,,,,
2018,Tudorza,,,,,,,
2019,Tums,,,,,,,
2020,TussiCaps,,,,,,,
2021,Tussionex,,,,,,,
2022,Tykerb,,,,,,,
2023,Tylenol,,,,,,,
2024,Tylox,,,,,,,
2025,Tysabri,,,,,,,
2026,Tyvaso,,,,,,,
2027,Ubiquinone,,,,,,,
2028,Uceris,,,,,,,
2029,Ulipristal,,,,,,,
2030,Uloric,,,,,,,
2031,Ultracet,,,,,,,
2032,Ultram,,,,,,,
2033,Umeclidinium,,,,,,,
2034,Unasyn,,,,,,,
2035,Undecylenic,,,,,,,
2036,Unisom,,,,,,,
2037,Univasc,,,,,,,
2038,Uptravi,,,,,,,
2039,Urea,,,,,,,
2040,Uribel,,,,,,,
2041,Uricalm,,,,,,,
2042,Urispas,,,,,,,
2043,Uristat,,,,,,,
2044,Uroxatral,,,,,,,
2045,Urso,,,,,,,
2046,Ursodiol,,,,,,,
2047,Ustekinumab,,,,,,,
2048,Vagifem,,,,,,,
2049,Vagistat-,,,,,,,
2050,Valacyclovir,,,,,,,
2051,Valerian,,,,,,,
2052,Valium,,,,,,,
2053,Valproic,,,,,,,
2054,Valsartan,,,,,,,
2055,Valtrex,,,,,,,
2056,Valturna,,,,,,,
2057,Vancomycin,,,,,,,
2058,Vandazole,,,,,,,
2059,Vaniqa,,,,,,,
2060,Vanoxide-HC,,,,,,,
2061,Vanspar,,,,,,,
2062,Vantin,,,,,,,
2063,Vardenafil,,,,,,,
2064,Varenicline,,,,,,,
2065,Vascepa,,,,,,,
2066,Vasotec,,,,,,,
2067,Vectibix,,,,,,,
2068,Vectical,,,,,,,
2069,Vedolizumab,,,,,,,
2070,Velivet,,,,,,,
2071,Veltin,,,,,,,
2072,Venlafaxine,,,,,,,
2073,Venofer,,,,,,,
2074,Ventolin,,,,,,,
2075,Veramyst,,,,,,,
2076,Verapamil,,,,,,,
2077,Versed,,,,,,,
2078,VESIcare,,,,,,,
2079,Vestura,,,,,,,
2080,Viagra,,,,,,,
2081,Viberzi,,,,,,,
2082,Vibramycin,,,,,,,
2083,Vicks,,,,,,,
2084,Vicodin,,,,,,,
2085,Vicoprofen,,,,,,,
2086,Victoza,,,,,,,
2087,Vidaza,,,,,,,
2088,Vienva,,,,,,,
2089,Vigamox,,,,,,,
2090,Viibryd,,,,,,,
2091,Vilazodone,,,,,,,
2092,Vimovo,,,,,,,
2093,Vimpat,,,,,,,
2094,Viorele,,,,,,,
2095,Viread,,,,,,,
2096,Visine,,,,,,,
2097,Visine-A,,,,,,,
2098,VisRx,,,,,,,
2099,Vistaril,,,,,,,
2100,Vitafol,,,,,,,
2101,Vitamin,,,,,,,
2102,Vivarin,,,,,,,
2103,Vivelle-Dot,,,,,,,
2104,Vivitrol,,,,,,,
2105,Voltaren,,,,,,,
2106,Voltaren-XR,,,,,,,
2107,Volumen,,,,,,,
2108,Vortioxetine,,,,,,,
2109,Vosol,,,,,,,
2110,Vospire,,,,,,,
2111,Votrient,,,,,,,
2112,Vraylar,,,,,,,
2113,Vytorin,,,,,,,
2114,Vyvanse,,,,,,,
2115,Warfarin,,,,,,,
2116,Wart,,,,,,,
2117,Welchol,,,,,,,
2118,Wellbutrin,,,,,,,
2119,Westhroid,,,,,,,
2120,WP,,,,,,,
2121,Xalatan,,,,,,,
2122,Xalkori,,,,,,,
2123,Xanax,,,,,,,
2124,Xarelto,,,,,,,
2125,Xeljanz,,,,,,,
2126,Xeloda,,,,,,,
2127,Xenaderm,,,,,,,
2128,Xenical,,,,,,,
2129,Xeomin,,,,,,,
2130,Xerac,,,,,,,
2131,Xgeva,,,,,,,
2132,Xifaxan,,,,,,,
2133,Xiidra,,,,,,,
2134,Xolair,,,,,,,
2135,Xolegel,,,,,,,
2136,Xopenex,,,,,,,
2137,Xtampza,,,,,,,
2138,Xulane,,,,,,,
2139,X-Viate,,,,,,,
2140,Xylocaine,,,,,,,
2141,Xylometazoline,,,,,,,
2142,Xyrem,,,,,,,
2143,Xyzal,,,,,,,
2144,Yasmin,,,,,,,
2145,Yaz,,,,,,,
2146,Yellow,,,,,,,
2147,Yohimbine,,,,,,,
2148,Yuvafem,,,,,,,
2149,Zaditor,,,,,,,
2150,Zafirlukast,,,,,,,
2151,Zaleplon,,,,,,,
2152,Zanaflex,,,,,,,
2153,Zanamivir,,,,,,,
2154,Zantac,,,,,,,
2155,Zantryl,,,,,,,
2156,Zarah,,,,,,,
2157,Zarontin,,,,,,,
2158,Zaroxolyn,,,,,,,
2159,Zeasorb-AF,,,,,,,
2160,Zebeta,,,,,,,
2161,Zecuity,,,,,,,
2162,Zegerid,,,,,,,
2163,Zelapar,,,,,,,
2164,Zelboraf,,,,,,,
2165,Zelnorm,,,,,,,
2166,Zemaira,,,,,,,
2167,Zenatane,,,,,,,
2168,Zenpep,,,,,,,
2169,Zepatier,,,,,,,
2170,Zestoretic,,,,,,,
2171,Zestril,,,,,,,
2172,Zetia,,,,,,,
2173,Ziac,,,,,,,
2174,Ziana,,,,,,,
2175,Zinc,,,,,,,
2176,Zioptan,,,,,,,
2177,Ziprasidone,,,,,,,
2178,Zipsor,,,,,,,
2179,Zirgan,,,,,,,
2180,Zithromax,,,,,,,
2181,Zocor,,,,,,,
2182,Zofran,,,,,,,
2183,Zohydro,,,,,,,
2184,Zoladex,,,,,,,
2185,Zoledronic,,,,,,,
2186,Zolmitriptan,,,,,,,
2187,Zoloft,,,,,,,
2188,Zolpidem,,,,,,,
2189,Zolpimist,,,,,,,
2190,Zometa,,,,,,,
2191,Zomig,,,,,,,
2192,Zomig-ZMT,,,,,,,
2193,Zonegran,,,,,,,
2194,Zonisamide,,,,,,,
2195,Zorvolex,,,,,,,
2196,Zoster,,,,,,,
2197,Zostrix,,,,,,,
2198,Zovia,,,,,,,
2199,Zovirax,,,,,,,
2200,Zubsolv,,,,,,,
2201,Zutripro,,,,,,,
2202,Zyban,,,,,,,
2203,Zyclara,,,,,,,
2204,Zymar,,,,,,,
2205,Zyprexa,,,,,,,
2206,Zyrtec,,,,,,,
2207,Zyrtec-D,,,,,,,
2208,Zytiga,,,,,,,
2209,Zyvox,,,,,,,
2210,ZzzQuil,,,,,,,
